ID,logFC
ABCA9-AS1,-1.784377206
AC002066.1,0.913825571
AC002076.10,0.183707262
AC002116.7,-0.808729276
AC002398.12,0.580041168
AC002451.3,1.448496116
AC005256.1,0.610786758
AC005324.6,-0.175684831
AC005537.2,-1.677603788
AC006159.4,2.271283352
AC006262.6,-1.720145846
AC007128.1,-0.610438639
AC007182.6,-0.593387684
AC007193.6,-3.375398634
AC007249.3,-0.999011823
AC007389.3,-3.054205731
AC007405.4,1.680541183
AC007405.8,0.021189635
AC007743.1,0.129725134
AC007773.2,-0.183316787
AC008268.1,4.564859272
AC009005.2,0.480300132
AC009264.1,-3.727341184
AC010148.1,-1.178624138
AC010894.3,-0.726638081
AC011286.1,-2.178230023
AC011288.2,-4.404973147
AC011298.2,2.367678109
AC011738.4,-2.16298616
AC018890.6,-1.095098712
AC024560.2,-0.515887062
AC025016.1,-0.272291146
AC053503.4,0.460066488
AC068580.7,-0.978109379
AC069277.2,-1.31660326
AC073316.2,1.256907393
AC078942.1,0.90611702
AC079630.2,1.444528515
AC079630.4,2.088541056
AC084149.2,-1.187287108
AC084219.4,-0.794789819
AC090616.2,2.362251296
AC091729.9,-0.501036269
AC091801.1,-1.581948752
AC091814.3,-2.051150481
AC093390.1,-0.192997718
AC093609.1,-0.485572728
AC104088.1,-1.784399157
AC105053.3,2.643745354
AC108676.1,-2.196985808
AC112721.2,0.241661746
AC114730.3,-0.016393243
AC114730.5,0.151362778
AC114765.1,-1.294400315
AC114803.3,-1.417411291
AC123023.1,0.396547374
AC123886.2,1.253231398
AC133785.1,-0.814282636
AC144831.1,0.126620248
AC144831.3,0.541741956
AC145124.2,0.411284981
AC145343.2,1.247469527
AE000662.93,0.817107509
AF127577.8,-0.911800711
AF127936.3,0.209660327
AF131217.1,-4.72867401
AFAP1-AS1,1.981802814
AGAP11,-0.122764369
AL163953.2,-0.798089317
AP000251.3,-1.01283377
AP000593.7,-0.009853775
AP000688.14,-1.013982564
AP000696.2,-0.684827228
AP000697.6,-1.292136317
AP002856.5,1.583243681
APCDD1L-AS1,-0.514820847
ATP2A1-AS1,-0.536542242
BBOX1-AS1,-1.746381159
BLACAT1,0.186943925
C10orf25,0.202501416
C10orf91,-1.311051503
C22orf34,-0.109705244
C2orf48,-0.378331102
C5orf66-AS1,-3.672039154
C8orf34-AS1,1.635706065
CASC11,-1.779984376
CASC19,-2.864269135
CASC20,-2.097992909
CASC8,-1.356113931
CASC9,-1.785445662
CCAT1,-3.264844933
CDKN2A-AS1,-0.910005231
CH507-154B10.2,-0.884219871
CH507-42P11.6,0.226047131
CHKB-AS1,-0.523755938
CTA-126B4.7,-0.10489178
CTA-280A3.2,-2.165020163
CTA-293F17.1,-0.354883389
CTA-384D8.31,-1.986670753
CTA-384D8.35,0.242065937
CTA-392C11.1,-3.209118113
CTA-989H11.1,-1.258451566
CTB-186G2.1,-2.450151352
CTB-193M12.5,-1.148090957
CTB-39G8.2,0.674284763
CTB-49A3.2,-0.251879015
CTB-50L17.5,-1.449978006
CTB-58E17.5,-0.173879886
CTB-66B24.1,0.82467489
CTC-276P9.4,-2.82880685
CTC-321K16.1,-1.098398684
CTC-420A11.2,0.174771003
CTC-480C2.1,-1.726952687
CTC-499J9.1,-2.764605013
CTD-2008P7.8,0.50222393
CTD-2013M15.1,-0.972758318
CTD-2021H9.1,-0.544910734
CTD-2021H9.3,-1.509388477
CTD-2023N9.1,0.486388029
CTD-2033A16.3,-0.191754737
CTD-2066L21.2,-0.854190354
CTD-2066L21.3,-1.572247391
CTD-2072I24.1,0.710856176
CTD-2129N1.1,-0.877361792
CTD-2134A5.3,-0.575122359
CTD-2134A5.4,-0.464570723
CTD-2139B15.5,0.816930631
CTD-2147F2.1,-1.83890346
CTD-2162K18.4,0.24037257
CTD-2256P15.2,-0.637914918
CTD-2265O21.3,0.327206704
CTD-2292P10.4,-0.853493371
CTD-2306A12.1,0.604942974
CTD-2308L22.1,-0.363495386
CTD-2314B22.1,-0.7404946
CTD-2319I12.5,-0.790922336
CTD-2330J20.2,0.692751167
CTD-2340E1.2,-1.734699616
CTD-2369P2.8,1.46249722
CTD-2373J6.1,0.952826252
CTD-2510F5.4,-0.789838709
CTD-2523D13.2,-2.404561682
CTD-2527I21.15,-0.782326384
CTD-2535I10.1,-0.45185478
CTD-2555C10.3,-0.144960493
CTD-2561B21.11,2.633222765
CTD-2562J17.7,2.084798064
CTD-2566J3.1,0.531453864
CTD-2574D22.2,-0.305794947
CTD-2591A6.2,-0.830938009
CTD-2619J13.13,0.572052605
CTD-3010D24.3,0.819509267
CTD-3035D6.2,-0.279845185
CTD-3065J16.9,-0.536711734
CTD-3080P12.3,1.384261292
CTD-3128G10.7,1.564262624
CTD-3224I3.3,-0.077505144
CTD-3247F14.2,-0.690297967
DCST1-AS1,0.208400212
DDX11-AS1,-0.61564508
DENND5B-AS1,-0.281798769
DEPDC1-AS1,-1.371239184
DGCR9,0.767933253
DSCR9,-1.013389225
DSG1-AS1,-3.2008072
DUXAP8,-0.88319866
ELF3-AS1,0.214725373
ELFN1-AS1,-0.000649304
EPB41L4A-AS2,0.349054921
F11-AS1,0.158486048
FAM181A-AS1,0.171254789
FAM222A-AS1,0.08664287
FAM83A-AS1,0.448306083
FER1L6-AS2,-2.153150302
FEZF1-AS1,0.039755013
FGF10-AS1,-0.657330129
FIRRE,-1.300218838
FLJ16779,-0.261645963
FLJ36000,-2.437677736
FOXCUT,-0.974997296
FOXD3-AS1,-0.490396468
GDNF-AS1,-2.753824677
GRM5-AS1,-0.238933174
GS1-24F4.2,-1.013340069
GS1-279B7.2,-0.390526124
HAGLROS,-1.663685013
HCG15,-0.348012752
HCG16,-0.285821705
HHIP-AS1,1.385425991
HOTAIR,-0.451287028
HOXB-AS4,-0.914132794
HOXC13-AS,-1.83516671
HOXC-AS1,-0.974428326
HOXC-AS2,-0.68657018
HOXC-AS3,-0.074477978
HPN-AS1,0.489445574
IGFL2-AS1,-3.570310374
KB-1448A5.1,1.052437094
KB-1460A1.1,-0.36204949
KB-1615E4.2,0.411611142
KB-1836B5.1,-0.790531058
KB-68A7.1,0.739230016
KCNMB2-AS1,-2.165458565
KDM4A-AS1,-1.464112875
KLHL7-AS1,-0.099718657
LEF1-AS1,-0.862069019
LHFPL3-AS2,2.275231562
LINC00092,-0.445271744
LINC00165,0.262101348
LINC00184,-0.148980057
LINC00211,0.063170041
LINC00319,0.66590335
LINC00337,0.307997274
LINC00355,-0.84114455
LINC00359,0.166673333
LINC00392,-4.410428099
LINC00393,-2.512776534
LINC00461,-0.977676623
LINC00466,-0.597422704
LINC00470,-1.597046122
LINC00491,-1.711466739
LINC00501,0.866619083
LINC00511,-0.82305786
LINC00518,-1.494352618
LINC00519,-4.023986235
LINC00525,0.200397723
LINC00535,-0.031161918
LINC00536,-2.877705106
LINC00551,0.332579821
LINC00563,0.692160414
LINC00592,-0.803631712
LINC00601,-0.43698667
LINC00607,1.798515214
LINC00626,-4.523215475
LINC00629,0.768791685
LINC00636,-0.319025443
LINC00656,-0.22634881
LINC00659,-0.393534575
LINC00665,-0.09231831
LINC00668,-3.361259777
LINC00704,-1.166151787
LINC00707,0.873156381
LINC00858,1.23364567
LINC00871,-1.857384057
LINC00887,-0.310432803
LINC00898,-2.990739578
LINC00941,-0.628792744
LINC00942,-0.719322179
LINC00958,-3.252353857
LINC00989,0.197387992
LINC01096,-2.689602541
LINC01116,-0.845434238
LINC01117,-0.727737571
LINC01136,-0.213975576
LINC01165,0.34744919
LINC01166,-0.187029637
LINC01194,-0.491197041
LINC01202,-0.840273198
LINC01206,-7.440671694
LINC01208,-0.4565218
LINC01214,1.778128601
LINC01224,-0.631312493
LINC01232,-0.180712021
LINC01234,-2.258411297
LINC01249,-3.391074418
LINC01269,-0.17428902
LINC01287,-0.806934007
LINC01297,-1.24498418
LINC01305,-2.425901369
LINC01344,-0.238545973
LINC01348,0.453335795
LINC01366,-0.129078403
LINC01385,-0.356790303
LINC01391,-2.310310258
LINC01393,-0.138130329
LINC01399,-1.27444516
LINC01456,-2.4683755
LINC01460,0.668204399
LINC01468,-1.629534909
LINC01494,-0.72772449
LINC01518,-1.713511963
LINC01543,-0.917019007
LINC01559,-0.291142245
LINC01564,-1.259324525
LINC01583,-1.061335912
LINC01587,-0.032501486
LINC01588,0.095004281
LINC01600,-0.577446118
LINC01605,-2.850295159
LINC01607,0.406768977
LINC01611,-1.049832467
LINC01615,-1.628954447
LINC01624,0.117499885
LINC01629,-1.541589056
LINC01633,-1.621795966
LINC01687,-0.951082069
LINC01703,-0.833655126
LINC01738,-0.402652706
LINC01747,0.806398475
LINC01748,-1.606570259
LINC01775,-0.751693668
LINC01807,-2.101085139
LINC01811,0.27150881
LINC01816,-0.320224069
LINC01827,0.839416426
LINC01833,0.394483851
LINC01842,-0.195537156
LINC01873,-2.603377165
LINC01896,-1.577957376
LINC01956,-1.7774045
LINC01963,0.059964619
LINC01967,-1.981359012
LINC01968,-1.255474819
LINC01971,-0.408716447
LINC01975,1.272481441
LINC01979,-0.464622413
LINC01980,-2.640785961
LINC01981,-2.329298583
LINC01985,1.060545655
LINC01992,-2.112352615
LINC02012,-1.854743902
LINC02014,0.503706976
LINC02041,-0.546317527
LINC02043,-2.45925524
LINC02068,-1.383755325
LINC02081,0.322586407
LINC02086,0.073549558
LINC02100,-0.306071695
LINC02104,0.323023655
LINC02109,-1.63158575
LINC02141,-0.723305254
LINC02152,-0.645628482
LINC02156,-0.143814674
LINC02158,0.571257736
LINC02159,0.491310465
LINC02163,-1.071382666
LINC02167,-5.736419831
LINC02178,-1.754258834
LINC02187,-1.511657766
LINP1,0.010363589
LL22NC03-104C7.1,0.306040288
LL22NC03-63E9.3,-1.872728227
LL22NC03-N14H11.1,-0.654252708
LL22NC03-N64E9.1,-1.447017166
LOXL1-AS1,-0.777338518
LVCAT1,0.851231958
LVCAT5,0.107097323
MAFA-AS1,-0.427897843
MAFG-AS1,-0.281560811
MGAT3-AS1,-0.621726867
MIR193BHG,-0.327282996
MIR2052HG,-1.303075362
MIR210HG,-0.637765364
MIR22HG,0.193983194
MIR31HG,-0.973991835
MIR548XHG,-1.353074972
MIR9-3HG,-0.846392082
MKRN3-AS1,-1.458957249
MNX1-AS1,0.401556238
MUC2,-0.148545471
MYO16-AS1,0.779062847
MYOSLID,-0.387382207
NOVA1-AS1,1.333715034
OGFRP1,-1.151632543
PCAT7,-1.526521099
PGM5P3-AS1,1.397346915
PGM5P4-AS1,1.499645655
PKP4-AS1,-0.512164768
POU6F2-AS2,-1.261041153
PP7080,-0.41677929
PRRT3-AS1,0.069878743
RBAKDN,-0.292531846
RBPMS-AS1,1.753579513
RHPN1-AS1,0.255280912
RNF144A-AS1,0.055418831
RP11-1007I13.4,-1.433387192
RP11-100E13.1,-0.128364562
RP11-1012E15.2,-2.503468984
RP11-1038A11.3,-1.796278787
RP11-1042B17.3,-0.670887873
RP11-104E19.1,-3.368303434
RP11-1069G10.2,0.077135722
RP11-1070A24.2,-1.614666479
RP11-1070N10.5,-1.000363073
RP11-1070N10.7,-0.865118638
RP11-108K3.1,-1.545052459
RP11-108K3.2,-1.451384287
RP11-108L7.15,-0.88018795
RP11-108M12.3,-0.691896884
RP11-108M9.6,0.05522777
RP11-109M17.2,-1.440072426
RP11-10A14.4,0.368751052
RP11-10A14.5,1.091220137
RP11-1103G16.1,-3.242422794
RP11-112L6.3,-0.648197721
RP11-1134I14.8,0.144533895
RP11-1149O23.3,0.152119519
RP11-114B7.6,-1.651301144
RP11-114H21.2,-1.966661375
RP11-114H23.1,0.352245119
RP11-115N4.1,0.147302653
RP11-120K18.2,-1.153298711
RP11-123B3.2,0.603223405
RP11-123O10.4,-0.67536634
RP11-124N19.3,-0.40391865
RP11-125O18.1,1.171121349
RP11-126K1.2,-0.24153177
RP11-132A1.4,-0.758124557
RP11-133K1.11,-1.241988632
RP11-135A1.3,-0.842789679
RP11-13E5.2,-1.657787428
RP11-143E21.3,0.428925264
RP11-143J24.1,0.59516484
RP11-146E13.4,-0.535091803
RP11-146I2.1,-0.459457683
RP11-150C16.1,0.279708283
RP11-150O12.6,-1.993033846
RP11-155D18.12,-0.388368481
RP11-159H10.3,0.718201413
RP11-15A1.2,-0.108747438
RP11-161I6.2,-1.908396768
RP11-167H9.4,0.419240338
RP11-169F17.1,1.148770617
RP11-174G6.1,-2.587408546
RP11-17E2.2,-1.084105985
RP11-180I4.4,-0.34053686
RP11-180M15.3,0.694268676
RP11-182J1.18,0.345302775
RP11-187E13.1,1.593102353
RP11-190J1.3,0.560926261
RP11-191L9.4,-2.579153387
RP11-197K6.1,-3.413416263
RP11-1C8.4,-1.194489386
RP11-1C8.7,-0.958447641
RP11-1M18.1,-1.713562973
RP11-203H2.2,-0.300000442
RP11-204P2.3,-0.461515002
RP11-211G23.2,0.417922396
RP11-214F16.8,-0.774801145
RP11-215P8.4,-2.170878182
RP11-217E22.5,-0.799965811
RP11-218E20.3,-3.40710917
RP11-218M22.1,0.234453647
RP11-21L23.2,-0.899246075
RP11-21L23.3,-1.240928721
RP11-21L23.4,-0.699798899
RP11-221N13.3,-0.55331202
RP11-225H22.4,-0.180260402
RP11-231D20.2,-2.538833143
RP11-235G24.3,-0.871422575
RP11-238K6.1,1.191359765
RP11-23F23.2,-0.211463399
RP11-244M2.1,-1.298581436
RP11-245D16.4,-1.638951209
RP11-253E3.3,-0.820987813
RP11-254F7.4,-0.633837288
RP11-25H12.1,-1.801295788
RP11-260A9.6,-0.791344138
RP11-268G12.1,-1.700402225
RP11-275I4.2,-0.362867276
RP11-277P12.20,-2.590996216
RP11-279N8.1,-0.653688996
RP11-280K24.4,-1.688394182
RP11-284F21.10,0.07770372
RP11-284F21.7,-0.028911813
RP11-284F21.9,0.448491493
RP11-293P20.2,2.100175036
RP11-295G20.2,-0.269396765
RP11-2N1.2,1.461203516
RP11-300E4.2,-0.436954003
RP11-302L19.3,0.269992525
RP11-303E16.2,-0.655691005
RP11-304L19.1,1.721849819
RP11-304L19.3,1.815991996
RP11-309M7.1,1.76901861
RP11-312J18.6,1.484076725
RP11-314D7.1,-0.901264063
RP11-314N14.1,-1.454517123
RP11-317N12.1,-1.659232285
RP11-320G10.1,-1.511853589
RP11-321F8.4,-0.365430019
RP11-328K4.1,-2.500480123
RP11-329E24.6,-1.213577043
RP11-32K4.1,-3.041668605
RP11-330A16.1,-0.114004407
RP11-332J15.3,-0.186710462
RP11-332J15.4,-1.207599351
RP11-333B11.1,0.706210916
RP11-335K5.2,-1.865999904
RP11-336A10.5,0.418426288
RP11-343H5.6,-0.512848611
RP11-346D19.1,-1.780016805
RP11-348J24.2,0.601825641
RP11-34D15.2,0.480312288
RP11-352B15.2,0.617017709
RP11-352D13.5,1.242188965
RP11-352D13.6,1.291907851
RP11-353N14.1,-1.243490164
RP11-357D18.1,1.990101973
RP11-357H14.17,-0.870464937
RP11-360L9.7,-1.109801853
RP11-360O19.4,-0.926085004
RP11-366F6.2,-3.123299734
RP11-366L20.3,-0.953310547
RP11-367F23.2,-3.126285447
RP11-368L12.1,-2.329090589
RP11-371M22.1,1.231545785
RP11-379K22.3,2.014869946
RP11-380J14.1,-1.197384209
RP11-384F7.2,0.936924824
RP11-384O8.1,-1.176685572
RP11-386G11.5,0.666874265
RP11-38M8.1,-0.179358756
RP11-390F4.3,-0.442214052
RP11-390N6.1,-0.162153979
RP11-395G23.3,-1.041333455
RP11-397A16.1,-3.990572102
RP11-398B16.2,-1.309435026
RP11-3B12.5,-0.634241748
RP11-3J1.1,-0.941648443
RP11-401O9.3,-0.319625747
RP11-408B11.2,-2.526760963
RP11-412P11.1,-0.962813325
RP11-417L19.2,-0.457640009
RP11-417L19.4,-0.237192735
RP11-421M1.8,0.051179895
RP11-428J1.5,-0.781072175
RP11-432J24.2,0.825900144
RP11-434D9.1,1.243554654
RP11-434D9.2,-2.785309322
RP11-436D23.1,-0.708382516
RP11-443B20.1,-0.550663448
RP11-445F12.1,-0.228948559
RP11-445O3.2,-2.262155483
RP11-445O3.3,-1.119689512
RP11-44B19.1,-0.34265679
RP11-44F14.2,-0.521200806
RP11-44F21.5,-1.116704186
RP11-44N12.5,0.62712435
RP11-454P21.1,-0.431279822
RP11-465L10.10,-0.247133859
RP11-467L13.7,-0.503325942
RP11-46A10.2,0.709464711
RP11-470P21.2,0.754585579
RP11-476D10.1,2.169973589
RP11-476K15.1,-0.412382882
RP11-483F11.7,-1.620442574
RP11-493L12.3,-0.922211488
RP11-493L12.5,1.329109697
RP11-495P10.5,-0.71237207
RP11-496D24.2,0.267171896
RP11-497G19.7,-0.995906466
RP11-498C9.12,-1.37453224
RP11-499O7.7,-0.102963718
RP11-501J20.5,1.165605667
RP11-502M1.2,-0.316813516
RP11-503C24.6,0.870436688
RP11-519M16.1,-1.852288134
RP1-151B14.6,0.397026927
RP11-51B23.3,0.524634897
RP11-521B24.3,-0.089415088
RP11-527N22.2,-2.999152808
RP11-538I12.3,-0.522657476
RP11-539E17.5,1.24948865
RP11-540A21.2,-0.597606889
RP11-541N10.3,1.137444734
RP11-542G1.1,-1.998347138
RP11-542M13.2,0.826889803
RP11-544L8__B.4,-0.120675417
RP11-544M22.1,-0.356376285
RP11-544M22.8,-0.623693615
RP11-546O6.4,-2.37888861
RP11-549B18.1,-0.925388593
RP11-54H7.4,-2.278122628
RP11-54O7.18,1.227398897
RP11-553A10.1,-1.154117622
RP11-560J1.2,-0.77854571
RP11-567N4.3,-1.453840435
RP11-568J23.8,-1.605174479
RP11-573D15.8,-1.361410772
RP11-573G6.6,0.111865048
RP11-576D8.4,-0.684347514
RP11-57A19.2,-0.244130197
RP11-587P21.2,-1.130102037
RP11-59D5__B.2,-0.111315754
RP1-15D23.2,-0.140486648
RP11-608O21.1,-1.419961849
RP11-615I2.2,-0.019755583
RP11-616M22.7,0.093773691
RP11-624C23.1,-1.03040104
RP11-624L4.1,-1.392522596
RP11-635O16.2,3.260794821
RP11-642C5.1,-0.148889862
RP11-646E18.4,-3.824227205
RP11-650L12.2,0.493980604
RP11-657O9.1,-1.849554386
RP11-65D17.1,-0.083780685
RP11-664I21.6,1.072355386
RP11-669N7.2,-2.066338721
RP11-66B24.2,0.280324013
RP11-66B24.7,0.797497917
RP11-673E11.2,2.01875444
RP11-675F6.3,-0.400310771
RP11-675F6.4,-0.420529012
RP11-677M14.3,1.968111715
RP11-679B17.2,0.770712871
RP11-680F8.3,-0.055223957
RP11-685G9.2,-0.894079041
RP11-6N13.1,-0.137751586
RP11-706C16.8,-0.940796784
RP11-723O4.9,-1.449875068
RP11-734K21.2,0.31562032
RP11-734K21.5,0.517618695
RP11-739B23.1,-0.886171297
RP11-739L10.1,-1.084853503
RP11-742B18.1,-1.905411198
RP11-758M4.4,-3.07597923
RP11-771K4.1,0.803499643
RP11-775C24.5,-0.357038945
RP11-779O18.1,0.740729203
RP11-77A13.1,0.7439483
RP11-783K16.5,-0.458203951
RP11-785D18.3,2.334973089
RP11-78F17.1,-1.050186994
RP11-78O7.2,0.378810431
RP11-791G15.2,-0.476174583
RP11-793H13.3,2.135328906
RP11-794G24.1,0.960058573
RP11-796E10.1,-0.802774642
RP11-799B12.4,0.043402917
RP11-7F17.3,0.924881048
RP11-800A3.7,0.891390974
RP11-802D6.1,-0.684857157
RP11-80H5.2,-1.112418887
RP11-818F20.5,-0.133052032
RP11-81H3.2,1.088971999
RP11-838N2.5,-1.590695251
RP11-863K10.7,-0.061684211
RP11-864I4.4,-0.09670001
RP11-867G23.8,0.818756912
RP11-874J12.4,-1.019299146
RP11-87C12.5,-0.544361826
RP11-881M11.4,-1.966106514
RP11-895M11.3,-0.148016123
RP11-89B16.1,0.426408949
RP11-8L2.1,-1.80212428
RP11-909N17.2,-0.291273976
RP11-90L1.8,-0.876328813
RP11-95M15.1,-1.331462715
RP11-964E11.2,0.012402568
RP11-96B2.1,-1.722554283
RP11-96C23.13,0.002373246
RP11-96H17.1,-1.550482252
RP11-96H17.3,-1.856501393
RP11-98G7.1,0.262179744
RP11-993B23.3,-4.598649977
RP11-9E17.1,-1.026836593
RP1-228H13.5,-0.083412627
RP1-240B8.3,2.878037767
RP1-272L16.1,-3.64499964
RP1-27K12.2,-1.96474234
RP1-27K12.4,-1.031391342
RP13-314C10.5,0.501117927
RP13-455A7.1,-2.324549703
RP13-463N16.6,-0.863241045
RP13-497K6.1,0.376012798
RP13-577H12.2,2.330953977
RP1-35C21.2,-0.114938094
RP13-631K18.3,-1.013303673
RP1-55C23.7,0.500200974
RP1-78O14.1,1.394287064
RP1-86C11.7,-0.451234129
RP3-323A16.1,-1.160761473
RP3-325F22.5,0.139727004
RP3-340B19.3,2.240431877
RP3-512B11.3,-1.117078959
RP3-523K23.2,-3.362406698
RP4-536B24.4,-0.220423328
RP4-545L17.12,-0.212438626
RP4-594A5.1,-0.80600976
RP4-616B8.5,-1.570039121
RP4-616B8.6,-1.405358342
RP4-621B10.8,0.999815615
RP4-635E18.6,-0.148124071
RP4-639F20.1,0.359477982
RP4-694A7.2,-0.738899499
RP4-735C1.4,-0.274015129
RP4-777L9.2,-0.975389215
RP4-781K5.4,0.592563841
RP4-781K5.5,-2.131730155
RP4-784A16.3,-1.17286098
RP4-785G19.5,-1.133791968
RP4-797C5.2,0.963166708
RP5-1011O1.2,-1.398504298
RP5-1056H1.2,-1.417517345
RP5-1061H20.4,0.799534765
RP5-1063M23.2,0.062484833
RP5-1103B4.3,1.687107808
RP5-1120P11.1,0.38949848
RP5-1121A15.3,-0.73262215
RP5-823G15.5,-1.031808337
RP5-839B4.8,0.80087888
RP5-963E22.6,0.565401481
RP5-965F6.2,0.247560273
RP5-965G21.4,0.178416425
RP5-984P4.6,-1.394600202
RP6-114E22.1,-0.753366086
RP6-191P20.4,-1.505399149
RP6-65G23.3,0.646321784
RUNDC3A-AS1,0.190272774
SAMD12-AS1,-0.869529773
SAMMSON,-0.322977092
SATB1-AS1,-1.351087512
SATB2-AS1,-0.691007134
SBF2-AS1,-0.274136223
SENCR,0.235826418
SFTA1P,2.764493409
SH3PXD2A-AS1,-2.148728514
SLC2A1-AS1,-1.286656074
SMILR,-1.562680954
SNHG17,-0.711688184
SOX21-AS1,-2.09146105
SPATA3-AS1,-0.296511207
SSTR5-AS1,0.44908911
STAU2-AS1,0.451008913
TAF1A-AS1,-0.088111867
TARID,1.184328361
TBX2-AS1,-0.356767259
TM4SF1-AS1,-0.946732524
TMPO-AS1,-0.910446947
TRPM2-AS,-1.143239496
TTTY16,-0.969390413
TYMSOS,-0.806584426
U52111.14,1.002574723
UCA1,0.697816408
VPS9D1-AS1,-1.12107174
WASIR2,0.978512555
WI2-85898F10.1,-0.63359597
Z83851.4,-1.359691212
A2ML1,-3.979197572
AARD,0.732198965
AATK,1.331382276
ABCA12,-0.939363872
ABCA3,1.600883125
ABCA4,-0.147464006
ABCA9-AS1,-1.784377206
ABCB6,-0.594792215
ABCB9,-0.025799141
ABCC11,0.108402901
ABCC13,-0.032262614
ABCC2,0.447360743
ABCG1,-0.312548141
ABHD6,-0.271503377
ACKR4,0.515496995
ACOT11,-0.095313481
ACR,-0.11160415
ACRV1,-0.321586094
ACSS3,0.802626813
ACTL8,-1.024596965
ACTN2,0.030082311
ADAM11,-1.487904464
ADAM32,-0.680649986
ADAM33,-0.07016787
ADAMTS1,-0.708431924
ADAMTS18,-1.740121436
ADAMTS20,-2.462613027
ADAMTS4,-0.36071181
ADAMTSL5,-0.466666223
ADCY10,-3.54541862
ADCY9,0.584754691
ADGRA1,0.488774179
ADGRB2,-0.622455005
ADGRD1,2.594838929
ADGRD2,-2.779627202
ADGRF4,-0.994131107
ADGRF5,2.670922765
ADGRG1,-0.313506689
ADGRL2,-0.290456621
ADM2,0.349771502
ADRB1,0.728669211
ADSSL1,0.284106962
AFAP1-AS1,1.981802814
AGMAT,0.151776039
AGMO,-0.803334204
AGTR2,1.271625515
AHNAK,-0.449917726
AHNAK2,-0.887280007
AHSP,0.880435104
AIM2,0.039870492
AIMP2,-0.160556395
AIRE,-3.068166804
AK1,1.450923026
AK4,-0.838944223
AKR1B10,-2.101992099
AKR1B15,-1.811169562
AKR1C1,-1.059531209
AKR1C2,-0.651626918
AKR1C3,-1.0755999
AKR1C4,1.100124713
AKR1E2,-0.211862314
AKR7A3,2.573307327
ALAS2,0.39212019
ALDH18A1,0.180272165
ALDH2,1.090753075
ALDH3B2,-1.96290265
ALG1L,-1.185680385
ALG3,-1.166483522
ALKAL2,-0.871251426
ALOXE3,-1.834203877
ALPK2,-1.208597981
ALPL,1.114877184
ALX1,-1.519072627
ALX3,-1.014969447
ANKLE1,-0.542308782
ANKRD1,1.029365106
ANKRD13B,-1.25579766
ANKRD18B,-1.337887407
ANKRD22,0.184923627
ANKRD29,0.392397893
ANKRD34B,1.162659045
ANKRD36BP2,0.289935584
ANKS1A,0.197582263
ANLN,-0.674524798
ANO2,-0.518879999
ANO7,0.353274605
ANXA10,1.3613912
ANXA8,-3.677074213
AP1S1,-0.03692688
APBA2,0.165647951
APCDD1L-AS1,-0.514820847
APELA,-0.780195144
APLN,0.526160477
APOBEC3B,-1.36111218
AQP1,1.634024788
ARG2,-0.271681886
ARHGAP11A,-0.918996711
ARHGAP24,-0.403773783
ARHGAP29,1.198619151
ARHGAP36,0.584977716
ARHGAP44,1.415619774
ARHGEF10,0.647163405
ARHGEF16,0.235287474
ARHGEF19,-0.476090326
ARHGEF26,-0.798755005
ARHGEF39,-0.610951715
ARL14,1.231251837
ARL9,-0.30689195
ARNTL2,-1.3210338
ARRB1,1.93878695
ARSH,0.580641206
ART1,1.608522327
ARTN,-2.944187261
ASCL2,-0.521674161
ASF1B,-0.936897593
ASIC1,-1.241622461
ASNS,-0.762436841
ASPHD2,-0.095348811
ASPM,-0.755277447
ATAD2,-0.504723369
ATAD3A,-0.192172074
ATAD5,-0.595979898
ATF3,-0.164566876
ATG9B,-0.000497864
ATOH7,-0.857522722
ATOH8,2.638851799
ATP10B,1.027892775
ATP2A1-AS1,-0.536542242
ATP4A,-2.488906508
ATP6V1C2,0.582580581
ATP8B5P,1.823656465
AUNIP,-1.206856104
AURKA,-0.536471047
AURKB,-1.068470815
AVPR2,0.77246886
AWAT2,0.663830461
B3GALT5,0.147944104
B3GNT3,1.398774904
B3GNT4,-0.360719402
B4GALNT1,-1.767035699
B4GALNT2,0.666727596
B4GALNT4,-1.214615725
B4GALT4,-1.27240439
BAIAP2L1,0.115837614
BAIAP2L2,0.242347873
BARD1,-0.134452358
BARX2,-0.323950687
BASP1,0.015337515
BBOX1-AS1,-1.746381159
BCAN,-0.75407033
BCL2L10,-1.348254942
BCL2L12,-0.47489522
BCL2L2-PABPN1,-0.373029495
BDH1,-1.067466363
BDNF,-0.899708909
BECN2,1.184549181
BEND6,-0.702204443
BHMT,1.824893263
BICDL1,-0.127038767
BIK,-0.681970583
BIRC5,-1.154944524
BLM,-0.886011339
BMP2,0.551101462
BMPER,-0.222358787
BNIP3,-0.020814524
BORA,-0.70827792
BRCA1,-0.585602514
BRDT,0.680258441
BRI3BP,-0.488806515
BRIP1,-0.900024821
BRIX1,-0.610886958
BST1,0.150598771
BTBD11,-2.325769563
BTBD16,-0.202790608
BTNL8,1.479870915
BUB1,-0.691202755
BUB1B,-1.097318944
BYSL,-0.396909446
C10orf35,-0.030504676
C10orf55,-0.586729247
C10orf90,-0.886871915
C11orf80,0.225938292
C11orf91,-0.247328037
C12orf49,0.682049372
C12orf56,-1.576735971
C14orf132,-0.040087274
C14orf39,-0.083290262
C16orf59,-0.586030445
C17orf53,-0.875399661
C18orf63,1.566062121
C19orf48,-0.857136988
C19orf57,-0.361505774
C1orf106,0.237548594
C1orf112,-0.632951638
C1orf131,-0.47014987
C1orf198,0.666360364
C1orf61,0.410868017
C1orf74,-1.221592377
C1QL1,-1.979399401
C1QTNF12,-2.017752711
C22orf34,-0.109705244
C2CD4A,0.616172585
C2CD4D,1.408637281
C2orf82,0.069376394
C2orf91,0.645286728
C3orf36,0.614774862
C3orf67,-1.074737676
C4orf26,-1.042347968
C5orf34,-0.570652164
C5orf66-AS1,-3.672039154
C6orf141,-0.794659242
C6orf15,-4.379067511
C6orf222,2.000239917
C8B,2.536990162
C8orf34-AS1,1.635706065
CA3,1.073601136
CA6,1.181129232
CA9,-1.113044944
CAB39L,0.343810593
CABLES2,-0.199072587
CABYR,-0.582046875
CACNA1B,-3.327587802
CACNA1S,-0.073092253
CACNA2D2,2.408921321
CAD,-0.610184924
CAGE1,-1.752963318
CALB1,-1.0848189
CALCB,0.608945075
CALML3,-5.995453383
CALML5,-2.346649181
CAMK2A,-0.248899621
CAMK2N1,0.865900331
CAMP,0.304088117
CAPN14,-2.210020091
CAPN8,3.667948563
CAPNS2,-4.210954006
CARD14,0.241761598
CARD17,-1.986557256
CARD18,-4.211312416
CARMIL3,-0.555920522
CASC11,-1.779984376
CASC20,-2.097992909
CASC8,-1.356113931
CAV2,-0.279923677
CBLN4,0.546559319
CBR1,-0.090979574
CBR3,-1.166470666
CBX2,-1.063847223
CBX3,0.002571491
CBX8,0.130304089
CCBE1,1.055082531
CCDC167,-0.171878664
CCDC169,0.167695998
CCDC177,-3.336824469
CCDC185,0.614430187
CCDC34,-0.716556014
CCDC58,-0.853191874
CCDC68,1.812713611
CCIN,-0.064666458
CCL24,-0.073761935
CCNA2,-0.999691764
CCNB1,-0.734424038
CCNB2,-1.163735713
CCNE1,-0.795585544
CCNE2,-0.469302368
CCNF,-0.58662209
CCNO,0.819719317
CCT3,-0.09758559
CCT5,-0.659867121
CCT6A,-0.503809849
CD24,-0.434937745
CD302,1.424679143
CD3EAP,-0.522107135
CDC20,-0.946934222
CDC25A,-1.189635222
CDC25C,-0.475783092
CDC45,-1.580557694
CDC6,-0.955682727
CDC7,-0.54331922
CDCA2,-0.981651414
CDCA3,-1.197842456
CDCA4,-1.269455723
CDCA5,-1.058736555
CDCA7,-0.378835594
CDCA8,-0.872623893
CDH18,0.384018109
CDH24,-0.561109442
CDH3,-1.144573847
CDIPT-AS1,-0.753881785
CDK1,-0.953848901
CDK5R1,-1.197657163
CDKN1C,0.460733135
CDKN2A,-0.855616296
CDKN3,-0.864236031
CDT1,-0.904903623
CDX1,-1.637402682
CDX2,0.167569756
CEACAM6,3.041815264
CEACAM7,1.298925181
CEACAM8,3.994380064
CEL,-2.318250218
CELF2,1.333441166
CELF5,1.39539249
CEND1,-0.709775306
CENPA,-1.088283595
CENPE,-0.712220754
CENPF,-0.854336284
CENPH,-0.994203451
CENPI,-0.85004418
CENPK,-0.494810287
CENPL,-0.585702998
CENPM,-1.169902653
CENPN,-1.048847201
CENPO,-0.658607133
CENPU,-0.759207925
CENPW,-1.647981019
CEP55,-0.929248527
CEP85,-0.511911578
CERS3,-5.688573281
CFHR4,-2.189190418
CFL2,0.637068828
CFTR,1.420354877
CGB2,-1.792003488
CGB8,-0.104876327
CGNL1,1.133927874
CGREF1,-0.45334659
CHAC1,-0.544993705
CHAF1A,-1.125233114
CHAF1B,-0.600194515
CHAT,0.269712554
CHEK1,-0.668256063
CHEK2,-0.881554569
CHGB,2.04757069
CHI3L2,1.02686748
CHKB-AS1,-0.523755938
CHODL,-1.867277538
CHRM2,0.676739888
CHRNA5,0.313677618
CHRNA6,-3.685935939
CHRNB4,-2.069925685
CIART,-0.641412787
CIB2,-0.830414542
CKAP2,-0.854666765
CKAP2L,-0.962820625
CKAP4,-0.612407111
CKMT1A,-1.335024426
CKMT1B,-1.49832633
CKS1B,-0.708441452
CKS2,-0.62078585
CLCA3P,-2.702486837
CLCN2,-1.248235015
CLDN10,0.995174291
CLEC1A,-0.436612498
CLEC2L,-2.946557703
CLEC4M,0.04936846
CLIC3,1.167101907
CLLU1OS,-0.454373117
CLPSL1,0.753086796
CLPSL2,2.203023951
CLSPN,-0.566123171
CMTM2,-0.367980329
CNBD1,-1.363887903
CNFN,-2.351223116
CNGB1,-0.208029112
CNGB3,-0.90767198
CNKSR2,-0.448138425
CNNM1,-1.603388217
CNR1,0.191651277
CNTD2,1.348143968
CNTNAP2,-2.659841492
CNTNAP4,-0.514573595
CNTNAP5,-2.032763336
COA6,-0.536608356
COBL,1.703936898
COCH,-1.215952914
COL2A1,0.604125017
COL4A3,2.432492035
COL4A4,1.791208302
COL9A2,0.141847125
COL9A3,-1.510159481
COX6B2,-2.592562694
COX7A1,0.265857842
CPAMD8,1.708107702
CPB2,2.789281721
CRABP2,0.805898714
CREG2,-1.369078429
CRHR1,-0.505092032
CRTAC1,0.972910998
CRY2,0.686335937
CSAG1,-0.682255647
CSAG3,-1.427936534
CSAG4,-0.518237709
CSF3,-0.625734711
CST1,-0.083324183
CST11,-1.373093253
CST4,0.799530206
CSTA,-4.437833434
CSTF2,-0.389949678
CSTL1,0.00966781
CT83,1.193445859
CTAG2,-1.510159274
CTCFL,-3.310089255
CTD-3080P12.3,1.384261292
CTDSPL,0.29294199
CTIF,-0.132649326
CTNNAL1,-0.170278399
CTSV,-2.054759862
CXCL13,-1.255145297
CXCL14,-0.064295838
CXCL16,0.84434843
CXCL3,0.466981746
CXCR1,-0.701793364
CXCR2,-0.730312404
CYB5A,1.355400922
CYBRD1,0.594709492
CYP17A1,1.09536038
CYP1A2,0.101178779
CYP24A1,1.352668245
CYP26A1,-3.565380805
CYP27B1,-0.25585975
CYP27C1,-0.0598448
CYP4F11,-3.028705363
CYP4F3,-2.907282649
CYS1,1.052359428
CYSRT1,-0.299599484
DAPK1,1.188272139
DAPK2,0.894723734
DARS2,-0.271510462
DBF4,-0.687482021
DBF4B,-0.430179093
DCAF12L2,-1.815554528
DCDC2,2.04505342
DDIT4,-0.739869868
DDN,-1.300885462
DDX11,-0.539630301
DDX11-AS1,-0.61564508
DEFA3,0.315034476
DEFA4,0.731272157
DEFB126,-2.086317018
DENND2C,-2.560793825
DENND5B-AS1,-0.281798769
DEPDC1,-0.858178228
DEPDC1-AS1,-1.371239184
DEPDC1B,-0.80957881
DEPDC7,-0.241465076
DGCR5,0.81936949
DGCR9,0.767933253
DHRS13,-0.545151595
DHRS2,-0.469507506
DIRAS1,0.272886344
DISP1,1.104524183
DKK2,-0.256734701
DKK4,-2.806094973
DLC1,1.728068068
DLG5,-0.714049222
DLGAP5,-0.771638769
DLX1,-3.364871666
DLX2,-3.759863154
DLX3,0.044044263
DLX4,-0.253494766
DMBX1,0.875025904
DMRT1,-2.339246664
DMRTA2,-1.334660913
DNA2,-0.474551532
DNAJC22,1.659461123
DNASE1L3,-0.618584527
DNM1,-0.923099306
DNMT3B,-0.632283434
DOK7,0.756750604
DONSON,-0.288174365
DPF1,-1.55726413
DPP4,2.955541899
DPP6,-0.379531003
DPPA2,-1.79110211
DPYSL2,1.218150486
DPYSL4,-1.761068407
DRAM1,1.642413347
DSCC1,-0.808937957
DSCR9,-1.013389225
DSG1-AS1,-3.2008072
DSG2,-0.769474855
DSG3,-6.643555615
DSG4,-1.918480193
DSN1,-0.383337685
DTL,-0.993718673
DTX2,-0.028357436
DTYMK,-0.288807101
DUOXA1,-0.62443462
DUS4L,-0.193640525
DUSP13,1.242578372
DUSP9,-2.149849919
DUXAP8,-0.88319866
E2F1,-0.258244659
E2F2,-0.852231074
E2F3,-0.217541891
E2F7,-1.978518259
E2F8,-0.075927375
ECE2,-1.585746423
ECEL1,-0.317055832
ECT2,-1.077173892
EDARADD,-1.81398177
EDN1,0.213161015
EEF1A2,1.429173048
EFNA4,0.250104348
EFR3B,1.378636556
EGLN3,-0.712743311
EGR2,-0.568043542
EGR3,-0.497461989
EHD2,0.237277028
EIF4EBP1,-1.306971332
ELFN1-AS1,-0.000649304
ELMO3,0.193020765
ELOVL2,-1.328827259
ELOVL4,-1.555379035
ELOVL6,-0.331980659
EMC9,-0.227828359
EME1,-0.975457095
EML1,-0.770511202
EMX1,-2.501812964
EN1,-4.603813915
EN2,-1.791455319
ENO1,-0.199160544
ENTPD2,-0.269489945
ENTPD7,-0.57259631
EPB41L3,0.03070404
EPB41L4A-AS2,0.349054921
EPHA6,-1.201944941
EPHB1,-1.241213148
EPHB2,0.062287768
EPHB3,-1.561981403
EPOP,-0.785402475
EPYC,0.397060176
ERCC6L,-0.916051179
ERFE,0.329801734
ERICH2,1.392079395
ERO1A,-0.010009371
ERVMER34-1,-1.227180329
ESAM,1.052552786
ESCO2,-1.019441869
ESPL1,-0.893133876
ESPN,-0.417979223
ESYT3,1.930464638
ETNK2,-1.001267796
ETV1,0.736070896
ETV4,0.333790931
EXD1,-0.259852816
EXO1,-0.906188357
EXOSC5,-0.50332375
EYA2,-1.398970042
EZH2,-0.805237175
F11-AS1,0.158486048
F12,-0.861831411
F2RL1,-0.158437495
FAAP24,-0.64724748
FABP4,-1.346619278
FABP7,-1.825354803
FADS6,-0.971608791
FAM105A,1.8553018
FAM111B,-0.553518797
FAM124A,-0.14593502
FAM131C,-2.192259593
FAM133A,0.758235083
FAM134B,0.184056904
FAM136A,-0.135893488
FAM155B,-0.739645822
FAM167A,0.871299555
FAM169A,-0.811672605
FAM171A2,0.1767401
FAM180A,0.375538415
FAM180B,0.524792418
FAM181A-AS1,0.171254789
FAM189A1,0.295451731
FAM222A-AS1,0.08664287
FAM3C,-0.051872929
FAM69C,-3.19402532
FAM71A,0.543038609
FAM71F1,-3.428956445
FAM72A,-0.823302773
FAM72B,-0.916918566
FAM72C,-0.750553428
FAM72D,-0.692727528
FAM83A,0.666564052
FAM83A-AS1,0.448306083
FAM83B,-3.465007454
FAM83C,-6.645882668
FAM83D,-1.96554649
FAM83F,-2.083325436
FAM86JP,-1.055084878
FANCA,-0.565586271
FANCB,-1.203264228
FANCD2,-0.638464626
FANCG,-0.836019454
FANCI,-1.213982217
FAR2,0.292602253
FAT1,-0.324265438
FAXC,-0.501183663
FBLN1,-0.77281092
FBLN5,1.063643634
FBN2,-3.462881654
FBXO41,-0.410986682
FBXO43,-1.025497647
FCAR,0.203043549
FCGR3B,-0.827691542
FEN1,-0.715268982
FER1L6-AS2,-2.153150302
FERMT1,-1.495667268
FETUB,-4.969543684
FEZF1,-0.361869287
FEZF1-AS1,0.039755013
FGF10,-0.939241623
FGF10-AS1,-0.657330129
FGF2,-0.636859212
FGF21,0.10821161
FGF5,0.00114347
FHDC1,-0.099980087
FIGNL1,-0.548110763
FILIP1,1.314398564
FIRRE,-1.300218838
FKBP10,-0.033183505
FKBP4,-1.028814644
FLJ16779,-0.261645963
FLJ34503,-0.120675417
FLJ36000,-2.437677736
FLRT3,1.06979019
FMO1,-1.534598929
FMO9P,-2.752698572
FOLR3,-0.299377923
FOXD1,-1.979506078
FOXD3,-1.438396948
FOXD3-AS1,-0.490396468
FOXE1,-4.300436195
FOXE3,-0.747071457
FOXG1,-0.713956829
FOXH1,-0.200969963
FOXI3,-0.270594279
FOXL2,-3.847127253
FOXL2NB,-4.017776338
FOXM1,-1.374893747
FRG2,0.000155852
FRMD3,0.755667754
FRMD4A,-0.356447714
FRMD4B,-0.084465767
FRY,0.924814149
FSD1,-1.556596967
FSTL4,0.528621807
FTCD,-0.635216875
FUT2,0.708350445
FUT6,1.10718741
FUT9,1.977384129
FZD9,0.199249763
G6PD,-0.426288654
GAB2,0.812260904
GABRA3,-1.742115234
GABRA5,-4.005964448
GABRG2,-1.696307265
GABRG3,-1.551618908
GABRP,-0.719246692
GABRQ,-4.010337507
GAD1,-0.433999832
GAL,-0.831872099
GAL3ST2,0.039828247
GALNT14,-0.591757258
GALNT18,-0.347827996
GALNT7,0.569594469
GALR2,-0.234006893
GALR3,-0.071457069
GAMT,-0.562784131
GAPDH,-1.074656711
GAREM2,-0.899983933
GARS,-0.203346056
GAST,-5.095475632
GBX2,-1.3213049
GCLC,-1.222961229
GCLM,-1.352252047
GCNT3,2.453456341
GCNT4,0.230416705
GCSAML,0.809753499
GCSH,-0.42905543
GDA,-2.312487302
GDNF-AS1,-2.753824677
GDPD2,-2.145867736
GEN1,-0.948614864
GFRA1,0.333946952
GFRA2,0.040339344
GFY,-0.676424628
GGH,-1.012792398
GGTLC2,2.621825807
GIMAP1-GIMAP5,0.819567379
GINS1,-0.997745127
GINS2,-1.060272882
GINS4,-1.017577689
GIPC2,0.504109799
GJA3,-2.929773627
GJB2,-2.762623604
GJB4,-2.695956249
GJB5,-3.599345265
GJB6,-4.657847234
GJC2,0.655511486
GKN2,3.776992653
GLRA3,1.255268913
GLYATL2,-1.583293321
GMNN,-0.673548114
GNG11,1.303258377
GNPNAT1,0.323412716
GOLGA6L7P,-2.912780248
GPA33,2.481579495
GPI,-0.993953779
GPM6A,1.157150049
GPR19,-0.839988636
GPR78,0.116396856
GPRASP1,0.367822822
GPRIN1,-0.217020339
GPRIN2,0.991226625
GPT2,0.658991122
GPX2,-1.411640863
GPX3,1.038036869
GREB1,0.935338505
GRHL3,-3.023168781
GRIK2,0.002122435
GRIN2D,-0.474898301
GRIP1,-0.872035647
GRM4,-1.167497566
GRM5-AS1,-0.238933174
GRTP1,-0.599390305
GS1-24F4.2,-1.013340069
GSC,-0.727726741
GSDMC,-1.418771248
GSG2,-0.969311811
GSR,-0.333729274
GTSE1,-1.021626814
GTSF1,-1.358350742
GUCA1A,-2.236763608
GYG2,0.881072224
H2AFX,-0.642376174
HACD1,0.220047037
HAP1,-4.075292472
HAPLN3,-0.638796174
HAS1,-0.309314717
HBA1,1.129939101
HBA2,0.807533439
HBB,0.774692459
HBD,0.177063647
HBEGF,-0.775829336
HBG1,0.093576944
HBG2,-0.075786956
HBM,-0.165879342
HBZ,0.310638776
HDC,0.269029929
HDGF,-0.192427
HDGFL1,-0.974707114
HEATR1,-0.365713184
HECW1,-0.361472637
HECW2,1.187318541
HELLS,-0.880809801
HELT,-0.369610575
HEMGN,-0.084117787
HEPHL1,-2.299881731
HGFAC,0.799412166
HHIP,1.238600269
HHIP-AS1,1.385425991
HHIPL2,2.226953418
HHLA2,4.5873375
HILPDA,-0.836840651
HIST1H2BK,-0.01777477
HIST1H3E,0.046128248
HIST1H4I,0.144084477
HIST2H4A,0.326219362
HIST3H2A,-0.542565668
HJURP,-0.854263528
HLF,0.679218154
HMGA1,-0.62965352
HMGA2,-0.982254812
HMGB3,1.175062629
HMGCLL1,0.670726532
HMMR,-0.390605472
HMOX1,-0.307172765
HMX2,-0.814711787
HN1L,0.009086012
HNF4G,1.544738448
HORMAD1,0.058548992
HOTAIR,-0.451287028
HOXA1,-1.323729833
HOXA5,0.226561379
HOXB13,-1.291854053
HOXB7,-0.465275381
HOXB8,0.128144724
HOXB9,0.704007831
HOXC10,-0.246694494
HOXC11,-0.177092179
HOXC12,0.457233827
HOXC13,-1.329990289
HOXC13-AS,-1.83516671
HOXC4,-0.321709469
HOXC6,-0.896826381
HOXC8,-1.941183883
HOXC9,-0.662725593
HOXC-AS1,-0.974428326
HOXC-AS2,-0.68657018
HOXC-AS3,-0.074477978
HOXD11,-3.588667043
HOXD12,-2.023486047
HOXD13,-3.066328288
HOXD4,-0.316399154
HPCAL1,0.847365715
HPDL,-1.044892505
HPN-AS1,0.489445574
HPRT1,-0.680202769
HRASLS,-1.332068375
HRCT1,0.956119782
HS3ST3A1,-1.497713204
HS6ST2,0.77224067
HSD17B6,2.205576184
HSF2BP,-0.273403561
HSPB8,-0.085388212
HSPD1,-0.344772622
HTR3A,1.986362181
HTR3C,-1.04126776
HYAL1,1.066489321
HYLS1,-0.135211453
IAPP,-0.649912162
ID4,0.060952592
IDH2,-0.151830885
IER5L,0.251997161
IFNE,-0.851378279
IFNL2,-0.862557815
IFNL3,-0.889488754
IGF2BP1,-0.746415961
IGF2BP3,-0.965127583
IGFBP2,-1.798150527
IGFBP3,-0.785761097
IGFL1,-3.486580509
IGFL3,-3.381696398
IGFL4,-2.725858928
IGSF1,-0.918344871
IGSF10,-0.690609145
IGSF11,-3.450869905
IGSF9,-1.552326885
IKBKE,-0.504263264
IL12RB2,-1.573299394
IL13,0.20175634
IL17D,0.350000329
IL17REL,-1.376587878
IL19,-2.006413098
IL1B,-1.055646418
IL1RAPL2,-0.435025535
IL1RL1,0.498780785
IL1RL2,-0.10598086
IL20RB,-1.98405658
IL22RA1,-0.643100964
IL23A,-0.659964161
IL31RA,0.797511359
IL33,-0.012849187
IL36G,-4.594653237
IL36RN,-2.200298449
IL6,-0.861334591
ILF2,-0.240664219
INCENP,-0.661102877
INHA,2.159330914
INHBE,-0.825315298
INSC,1.019866516
INSRR,0.262291045
IQGAP3,-0.357293468
IRX4,-4.224478298
ISL1,0.337972461
ISL2,-1.476492779
ISYNA1,-0.191866341
ITGA10,1.212724272
ITGA2,-0.298221624
ITIH5,0.463989836
ITIH6,-0.360741422
ITLN2,0.378330181
ITPKA,2.032078684
IVL,-2.288598966
JAKMIP3,-1.2733615
JPH3,-0.487568717
JUNB,-0.228283959
KCNA10,1.185024543
KCNA7,-1.193739044
KCNG1,-3.631896777
KCNH1,-2.53518309
KCNH8,-0.848144819
KCNJ10,0.178281923
KCNJ15,0.530055198
KCNJ8,0.694123615
KCNK1,-0.054247352
KCNK12,0.663181586
KCNN1,-1.102525097
KCNN3,0.084329331
KCNQ2,0.602365173
KCNQ5,-0.466637682
KCNU1,1.681094577
KCP,-0.541800263
KDELR3,0.717124864
KDM5B,-0.139102025
KHDC1,-0.578243631
KHDC1L,-0.867738915
KHDRBS2,2.352242184
KIAA1024,-0.036367598
KIAA1524,-1.2265951
KIAA1549L,-2.954428883
KIF11,-0.84274365
KIF14,-0.802487958
KIF15,-0.739592844
KIF18A,-0.872435327
KIF18B,-1.125865784
KIF1A,0.067766484
KIF1C,0.263015841
KIF20A,-0.786347064
KIF20B,-0.329338107
KIF22,-0.424738443
KIF23,-1.128087738
KIF2C,-0.841064554
KIF3C,-0.703587932
KIF4A,-0.787484712
KIFC1,-0.811010685
KIR3DL1,0.963558198
KISS1R,1.796365763
KL,1.370558314
KLB,2.229442692
KLF13,-0.264485929
KLF15,1.038894541
KLF4,-1.130639455
KLHDC7B,-1.501407063
KLHL41,1.178086406
KLHL7-AS1,-0.099718657
KLK12,2.158553883
KLK13,-0.621956549
KLK6,-0.689270623
KLK8,-1.13068749
KLRF1,0.526195761
KNL1,-0.980278998
KNOP1,-0.339107391
KNSTRN,-0.883879231
KNTC1,-0.472666367
KPNA2,-0.756365894
KREMEN2,-3.419188391
KRT14,-6.309909095
KRT16,-5.480958066
KRT20,2.677331233
KRT23,-1.929620508
KRT3,-1.761575795
KRT31,-5.972779847
KRT32,-1.812997651
KRT33A,-3.598621683
KRT33B,-2.98643492
KRT34,-4.172093721
KRT42P,-5.243924965
KRT6A,-5.067114472
KRT6B,-6.117822649
KRT75,-3.504206455
KRT78,-2.725439601
KRT80,0.227164801
KRT81,0.859844113
KRT83,0.791483497
KRTCAP3,0.25166237
L1CAM,-0.668213511
LAGE3,0.015842058
LAMA1,-2.311472902
LAMB2,0.677046963
LAPTM4B,0.317869624
LCTL,-0.580204486
LDHA,-0.211405107
LEF1-AS1,-0.862069019
LEMD1,-0.002091799
LEPR,0.934165992
LGALS4,5.56033174
LGALS7B,-4.222711644
LGI3,-0.75842293
LGI4,0.032290718
LGR4,0.460795277
LHB,0.200484731
LHFPL3-AS2,2.275231562
LHX1,-0.041728503
LHX2,-2.137190944
LHX3,-2.633350244
LHX5,-2.191361098
LHX6,-0.335399555
LHX8,-1.449961669
LIFR,0.837619564
LIMCH1,1.898006128
LIMD1,0.827066641
LIN28B,-0.985437829
LIN7A,-0.59676014
LINC00092,-0.445271744
LINC00184,-0.148980057
LINC00211,0.063170041
LINC00319,0.66590335
LINC00461,-0.977676623
LINC00466,-0.597422704
LINC00501,0.866619083
LINC00511,-0.82305786
LINC00525,0.200397723
LINC00535,-0.031161918
LINC00536,-2.877705106
LINC00551,0.332579821
LINC00563,0.692160414
LINC00592,-0.803631712
LINC00601,-0.43698667
LINC00607,1.798515214
LINC00626,-4.523215475
LINC00634,-1.145640479
LINC00636,-0.319025443
LINC00656,-0.22634881
LINC00665,-0.09231831
LINC00668,-3.361259777
LINC00704,-1.166151787
LINC00707,0.873156381
LINC00858,1.23364567
LINC00871,-1.857384057
LINC00887,-0.310432803
LINC00898,-2.990739578
LINC00941,-0.628792744
LINC00958,-3.252353857
LINC00989,0.197387992
LINC01117,-0.727737571
LINC01136,-0.213975576
LINC01166,-0.187029637
LINC01208,-0.4565218
LINC01224,-0.631312493
LINC01234,-2.258411297
LINC01249,-3.391074418
LINC01269,-0.17428902
LINC01287,-0.806934007
LINC01297,-1.166306236
LINC01305,-2.425901369
LINC01314,1.402006688
LINC01344,-0.238545973
LINC01391,-2.310310258
LINC01393,-0.138130329
LINC01399,-1.27444516
LINC01456,-2.4683755
LINC01460,0.668204399
LINC01468,-1.629534909
LINC01494,-0.72772449
LINC01559,-0.291142245
LINC01564,-1.259324525
LINC01583,-1.061335912
LINC01587,-0.032501486
LINC01588,0.095004281
LINC01600,-0.577446118
LINC01607,0.406768977
LINC01611,-1.049832467
LINC01615,-1.628954447
LINC01629,-1.541589056
LINC01633,-1.621795966
LINC01687,-0.951082069
LINC01747,0.806398475
LINC01775,-0.751693668
LINC01816,-0.320224069
LINC01827,0.839416426
LINC01833,0.394483851
LINC01842,-0.195537156
LINC01873,-2.603377165
LINC01956,-1.7774045
LINC01963,0.059964619
LINC01968,-1.255474819
LINC01979,-0.464622413
LINC01981,-2.329298583
LINC02012,-1.854743902
LINC02043,-2.45925524
LINC02081,0.322586407
LINC02104,0.323023655
LINC02141,-0.723305254
LINC02158,0.571257736
LINC02159,0.491310465
LINC02167,-5.736419831
LINC02187,-1.511657766
LIPK,-0.701951676
LIPM,0.409305568
LL22NC03-63E9.3,-1.872728227
LMNB1,-0.484454495
LMO7,1.646815677
LOC100049716,0.234453647
LOC100129291,-1.527964919
LOC100130520,-0.617627971
LOC100133286,-1.013982564
LOC100287808,-0.173879886
LOC100288175,1.240348127
LOC100288181,-0.853493371
LOC100288637,-0.833507504
LOC100379224,-0.794789819
LOC100506082,-0.211463399
LOC100506895,-2.16298616
LOC100507377,1.088971999
LOC100507437,-0.089415088
LOC100507670,-0.24153177
LOC100652999,2.135328906
LOC101059948,0.110055807
LOC101927136,-1.96474234
LOC101927282,-1.852288134
LOC101927314,-0.708382516
LOC101927657,-0.083780685
LOC101927787,0.592563841
LOC101927811,-0.354883389
LOC101928100,-2.590996216
LOC101928335,-1.505399149
LOC101928372,-0.356376285
LOC101928495,-1.657787428
LOC101928718,-0.719284662
LOC101928837,-1.240928721
LOC101928858,1.243554654
LOC101928978,-1.80212428
LOC101929128,1.091220137
LOC101929340,1.968111715
LOC101929448,-2.500480123
LOC101929705,0.38949848
LOC101929759,0.718201413
LOC101929777,0.617093419
LOC101929897,-2.538833143
LOC102723373,-0.521200806
LOC102723471,-0.228948559
LOC102723548,1.291907851
LOC102723701,-0.061684211
LOC102724064,0.818756912
LOC102724153,-0.593387684
LOC102724190,0.924881048
LOC102724301,-2.404561682
LOC102724623,-3.041668605
LOC102724804,1.052437094
LOC105369340,-0.458203951
LOC105369758,0.666874265
LOC105370400,0.817107509
LOC105370623,-0.279845185
LOC105370681,-0.144960493
LOC105371049,1.721849819
LOC105371730,2.362251296
LOC105372233,0.480300132
LOC105372240,0.721144635
LOC105372397,-2.450151352
LOC105373373,3.260794821
LOC105374524,-0.962813325
LOC105375095,-1.031391342
LOC105375401,0.183707262
LOC105376382,-0.863241045
LOC105376736,-0.148124071
LOC105379109,-0.137751586
LOC107986266,0.267171896
LOC107986453,-1.200873407
LOC107987205,-0.583010972
LOC148709,0.13556447
LOC150051,-1.01283377
LOC283352,-2.066338721
LOC284930,-2.579153387
LOC285095,-0.767646944
LOC285423,-1.810599353
LOC349160,-3.727341184
LOC389641,0.152119519
LOC400002,-2.051150481
LOC400655,1.148770617
LOC400684,-0.183316787
LOC440028,-0.597606889
LOC440040,-1.726771201
LOC440934,-1.585666726
LOC554223,0.23749299
LOC643802,0.382280366
LOC643923,0.028091375
LOC728485,0.24037257
LOC728554,-1.141147193
LOC729970,0.359477982
LOC730101,-1.990140778
LOC81691,-0.251916671
LOC93429,-1.720145846
LOXL1-AS1,-0.777338518
LPAL2,0.980407857
LPAR2,-0.375715706
LPL,1.820501446
LPO,-0.482822376
LRCH2,0.528577226
LRFN4,-0.523479063
LRP8,-1.043654336
LRRC38,0.617674174
LRRK2,1.557260491
LRRN4CL,0.207119812
LSAMP,-0.451785528
LSR,0.115611288
LTBP4,-0.371842405
LVCAT1,0.851231958
LVCAT5,0.107097323
LY6D,-3.735401789
LY6K,-0.640600812
LYPD1,0.415454247
LYPD3,-2.971665849
LYPD6B,-1.269635291
LYPD8,-0.658766301
LYRM4-AS1,-0.781072175
LYSMD1,-0.051049895
MAB21L3,-1.361311885
MAD2L1,-0.97484101
MAEL,0.342064993
MAFA-AS1,-0.427897843
MAFF,-0.142435585
MAFG-AS1,-0.281560811
MAG,0.686270451
MAGEA1,-2.008587918
MAGEA10,-1.264252901
MAGEA11,-4.090176736
MAGEA12,-0.658713619
MAGEA3,-1.161668927
MAGEA4,-2.850340379
MAGEA6,-1.357926817
MAGEA8,1.388788755
MAGEA9,-3.654565651
MAGEA9B,-2.881656548
MAGEB2,-2.114894512
MAGEB6,-2.85129148
MAGEC1,-0.633135876
MAGEC2,-0.846421859
MAGI1,0.924905509
MAL,0.020565981
MAOB,0.451986112
MAP3K15,0.880618348
MAP3K8,0.234898046
MAP7D2,0.121549985
MAPK8IP2,-0.529152433
MARCKSL1,0.253773713
MASP1,-0.401629861
MATN3,0.514445273
MC4R,-1.153994441
MCF2,0.32291672
MCHR2,-1.228058092
MCIDAS,0.998224792
MCM10,-0.880923579
MCM2,-1.466709845
MCM4,-0.890515168
MCM6,-0.513978662
MCM7,-0.806510869
MCM8,-0.9171138
MCMDC2,0.333890971
MDFI,-0.732991457
MDK,0.531064835
MEF2B,-0.308631735
MEGF10,-2.228096512
MEIOB,-0.180119078
MELK,-1.030688102
MELTF,-1.281898342
MESP1,1.142446488
MESP2,0.463390319
MEST,-0.55255811
METTL1,-0.081812704
MEX3A,0.193724748
MEX3B,-0.433574051
MFSD2A,0.727176129
MFSD3,0.084337427
MFSD4A,2.67867293
MGAM,0.069288027
MGAT3,-0.803874328
MGAT3-AS1,-0.621726867
MGAT4EP,0.024866195
MID1IP1,0.338094301
MIOX,1.803370689
MIR147B,0.899538585
MIR196B,-0.824160576
MIR2052HG,-1.303075362
MIR210HG,-0.637765364
MIR22,0.193983194
MIR3658,-1.140064992
MIR3917,-0.741706163
MIR4260,-0.411879142
MIR4653,-0.569435299
MIR4713HG,-1.545052459
MIR4793,0.823462554
MIR596,0.864070102
MIR614,1.86776355
MIR6510,-3.961201033
MIR664B,-0.755551854
MIR6847,-0.348647082
MIR6872,1.44355619
MIR6883,0.803258776
MIR6886,-0.499844274
MIR7108,-1.115897052
MIR711,-3.418880022
MIR7112,-0.528035872
MIR718,-0.108563359
MIR7705,-0.185967524
MIR7706,0.575537592
MIR924HG,-1.298581436
MIR9-3,-0.846392082
MIR936,-2.305495339
MIS18A,-0.471177197
MIXL1,-0.84709506
MKI67,-0.714088901
MKRN3,-2.312622093
MLLT11,-1.161764404
MMACHC,-0.176017078
MMP1,-1.067701998
MMP12,-1.389649052
MMP13,-1.377284932
MMP17,0.974256011
MMP20,-2.61454496
MMP3,-2.793573279
MMP9,-0.639971241
MND1,-0.649453153
MNX1,1.708272387
MNX1-AS1,0.401556238
MOGAT1,0.829026714
MOGAT2,-1.150563012
MOV10L1,-0.681372087
MPIG6B,-0.801543657
MRGBP,-0.517935122
MROH2A,-1.726432265
MRPL3,-0.657801545
MS4A15,2.818228177
MSI1,-1.216307139
MSL3P1,-0.286188677
MSMO1,-0.091403521
MSTO1,0.124816099
MT1A,0.876452782
MT1M,0.435834649
MTBP,-0.741091962
MTFR1,-0.014461704
MTFR2,-0.932344802
MTHFD2,-0.701794681
MTMR10,-0.073631733
MUC20,0.195302924
MYBL2,-0.932573059
MYBPC1,-0.537705235
MYCN,0.115219991
MYCNOS,-0.238531147
MYEOV,0.678486187
MYH11,-0.793746968
MYH2,0.624071684
MYH6,-0.444319052
MYO16-AS1,0.779062847
MYO18B,-0.455244393
MYO19,-0.416600491
MYO3B,-0.3397316
MYO7B,0.963294338
MYOC,-1.12509034
MYOZ1,1.226415335
MYOZ3,0.402001175
MYRF,1.934449992
MYRIP,1.966080554
NAT8L,0.416564124
NAXE,-0.042579598
NCAN,-1.923925283
NCAPD2,-1.114444909
NCAPG,-0.649171768
NCAPG2,-0.474664863
NCAPH,-1.15623419
NCCRP1,-1.195080778
NCKAP5,-0.135015773
NCR1,-0.261467265
NDC1,-0.516366638
NDC80,-0.863078852
NDNF,2.349280428
NEBL,0.273490797
NECAB2,-1.324276951
NECTIN1,-3.214647223
NEDD9,0.630064435
NEFL,-3.053874228
NEGR1,0.930350822
NEIL3,-0.23236163
NEK2,-0.704907399
NES,0.309775584
NET1,0.113773518
NETO2,-0.378326646
NEUROG2,-2.260084598
NFASC,-0.659376778
NFE2L3,-0.105443745
NFKBIA,0.332068723
NGB,-2.309271656
NGEF,0.204321275
NIM1K,-0.065233977
NIPAL1,-0.807428048
NIPSNAP1,-0.456220526
NKAIN1,-0.784180413
NKAPL,0.531117692
NKX1-2,-0.853629773
NKX2-2,-0.703675023
NKX2-3,-0.093701829
NKX2-5,-3.591081159
NKX6-1,-1.393879216
NLN,0.096700096
NLRP11,0.530974778
NME1-NME2,-1.061989795
NME4,0.144147003
NMRAL2P,-3.758682332
NMU,-0.24616962
NOP2,-0.72874928
NOSTRIN,1.94370532
NPAS2,-0.264460404
NPBWR1,-2.615765731
NPNT,0.1463619
NPSR1,-2.168040035
NPW,1.596533476
NQO1,0.341219451
NR0B1,-1.00185683
NR2E1,-0.775905513
NR3C2,1.574365069
NR4A1,0.888914023
NR5A1,-3.176039283
NRG3,0.697491842
NRGN,1.44808849
NRIP3,0.127864245
NSUN2,-0.346073436
NT5DC4,-0.301843566
NTRK2,-5.55097615
NTRK3,-0.184101368
NTS,-2.287625469
NTSR2,0.271862879
NUF2,-0.925389657
NUP155,-0.56508772
NUP210L,3.374556989
NUP62CL,0.124590124
NUSAP1,-1.035991499
NXF3,0.521010084
NXPH1,1.757175569
NXPH4,-2.421265755
OCIAD2,0.859571949
ODF3L1,-1.10398653
OFCC1,-1.609433468
OGDHL,-0.886855796
OGFRP1,-1.151632543
OIP5,-1.261177885
OLFM4,0.232952861
ONECUT3,0.692624866
OPLAH,-0.030645835
OR1F1,-0.73473098
OR2B6,-0.4347713
OR2W3,-0.363918387
OR51E2,-0.745200362
ORC1,-0.967045841
ORC6,-1.156963783
OTUB2,-0.278282715
OTUD1,-0.212107372
OTX1,-1.446648788
OTX2,-2.254212869
OVOL3,-1.068192331
OVOS2,-2.795656025
P2RY6,1.124955866
P3H4,-0.190862343
PABPC3,-0.068301386
PABPC5,0.45903367
PADI1,-1.120699757
PADI3,-3.302846402
PADI4,-0.313622215
PAEP,4.267065039
PAFAH1B3,-0.075450578
PAGE2,-0.664412499
PAICS,-0.492711998
PAK1,-0.657048179
PAK5,-4.904754828
PALMD,-0.382994398
PANX2,-0.738004425
PAPSS2,0.867983982
PAQR4,-0.262830555
PAQR5,0.512157059
PARPBP,-1.083432122
PAX7,1.922213519
PAX9,-0.904276925
PBK,-0.939382979
PC,-0.240852176
PCAT7,-1.526521099
PCDH15,-0.285745328
PCDH7,-0.532467474
PCDH8,0.482046257
PCDHA12,2.017780929
PCDHGA1,-0.476054067
PCDHGA12,0.347675985
PCDHGB7,-0.081007198
PCLAF,-0.763889624
PCNA,-0.823882887
PCOLCE2,-0.6132572
PCSK1,2.98107157
PCYOX1,0.127929904
PDF,-0.123327983
PDGFB,-0.224111511
PDIA2,1.319741178
PDIA4,0.13016663
PDIA6,-0.220924979
PDK1,-0.848939948
PDLIM4,-0.617043198
PDX1,1.765521141
PEBP4,1.948136133
PERM1,0.228376423
PERP,-2.332366775
PF4,1.335471302
PFKP,0.078504217
PFN2,-1.517723255
PGAM5,-0.530133984
PGF,-1.465113963
PGLYRP1,-0.172028249
PGLYRP3,-3.292241854
PGLYRP4,-1.350147396
PGM2L1,0.286237943
PGM5,1.656765938
PGM5P3-AS1,1.397346915
PGM5P4-AS1,1.499645655
PHF24,-4.21966193
PHKA1,0.264205505
PHOSPHO1,-0.664983166
PI15,0.084520979
PI3,-4.090095711
PIF1,-1.114438723
PIMREG,-0.991761089
PITX2,0.237191077
PIWIL1,0.513284432
PKDCC,-0.031443048
PKIG,0.473381933
PKMYT1,-1.08981001
PKP1,-4.537987904
PKP4-AS1,-0.512164768
PLA2G1B,2.924737641
PLA2G2F,-1.24904362
PLA2G4F,0.04058362
PLAC1,-1.313596045
PLCE1,0.230729398
PLCH2,-2.294203215
PLCL1,0.218092562
PLCXD3,1.095381143
PLEK2,-0.331796849
PLEKHG4,-0.703127717
PLEKHG6,-1.02568679
PLEKHN1,0.112425717
PLK1,-0.93974693
PLK4,-0.627080631
PLLP,0.78771254
PLPP2,0.275612048
PLPP5,-0.06535663
PLXNB3,0.13592052
PMAIP1,-0.646928932
PMCH,-0.182557505
PNCK,-3.726464836
PNMA5,-1.435997491
PNPLA5,0.425200866
POC1A,-0.176150528
PODNL1,0.732689217
PODXL2,0.309846675
POF1B,-1.080515952
POLB,-0.32855245
POLE2,-0.474890023
POLQ,-1.533523303
POLR2H,-0.926494431
POU3F2,1.541801211
POU4F1,-0.270141003
POU6F2,-0.347930167
PP7080,-0.41677929
PPARG,0.399291096
PPAT,-0.42075091
PPBP,1.005159913
PPIF,-1.017874038
PPIL1,-0.311978652
PPM1J,-0.905111961
PPP1R14D,3.786429383
PPP1R15A,-0.146343581
PPP1R3G,-0.811068105
PPP2R2C,-1.728041281
PPP4R3CP,-1.41031682
PPY2P,0.284446033
PRAC2,-1.238374585
PRAME,-1.454636944
PRB3,-0.84528052
PRC1,-1.241304263
PRDM13,-2.495185457
PRDM9,0.277805855
PRDX4,0.173076552
PRH2,-1.871868953
PRKCG,-0.096174427
PRKDC,-0.543253406
PRKG2,-1.173238731
PRLH,2.000363547
PROC,1.343942169
PROK2,-0.544989412
PROM2,-0.54156527
PROS1,0.211624297
PROZ,-0.223387787
PRR11,-0.761461687
PRR19,-0.150744143
PRR4,-1.241289211
PRR7,-0.35622038
PRRT3-AS1,0.069878743
PRRX2,-0.599048799
PRSS1,1.921770356
PRSS22,-0.241520459
PRSS27,-0.913278667
PRSS3,-0.152756472
PRSS50,-0.83164664
PRSS56,-1.324329467
PRTFDC1,-0.233067156
PSAT1,-1.569592093
PSPH,-0.938217084
PSRC1,-0.730056646
PTGES,0.086394671
PTGFR,0.817021323
PTGR1,-1.071206038
PTH2R,-2.351067736
PTPN5,0.201756172
PTPRH,0.93462099
PTPRZ1,-3.37983948
PTRH1,0.786669684
PTTG1,-0.817306545
PTX3,-0.466773512
PUS1,-0.367146381
PUS7,-0.7250049
PXDC1,0.197239833
PXMP4,0.92936373
PYCR1,0.539501314
PYCRL,-0.187548982
PYDC1,-1.891320818
RAB11FIP1,0.559210101
RAB3B,-1.119712812
RAC3,-0.351044231
RACGAP1,-0.80778912
RAD51,-1.277100686
RAD51AP1,-1.173941614
RAD54B,-0.769415054
RAD54L,-1.226736832
RADIL,-0.32506613
RAET1K,-1.314098065
RAET1L,-5.320220796
RAPGEF4,-0.18263651
RAPGEFL1,-2.576777781
RASAL1,0.125499636
RASGEF1C,1.129117
RASGRF1,1.70133967
RASL10B,-0.299218993
RASSF6,-0.535428842
RASSF8,0.271648544
RBAKDN,-0.292531846
RBBP8NL,-0.321133481
RBMS2,0.847241542
RBP2,1.021687806
RBPMS-AS1,1.753579513
RCAN1,-0.485990106
RCC1,-0.103526471
RCCD1,-0.63452008
RCOR2,-0.935328692
RD3,0.449367814
RDM1,-0.290852016
REG1A,4.446192726
REM1,0.150852493
REPS2,0.861335053
RETNLB,-0.490099192
RFC4,-1.62001856
RFLNA,0.044267408
RFLNB,-0.101529867
RGS16,0.120987118
RGS20,-1.051434978
RGS9,-0.825250083
RHBDL1,0.521797231
RHBDL2,0.269129205
RHCG,-5.138666597
RHNO1,-0.550360999
RHOD,-0.294627308
RHOV,-0.890035733
RHPN1-AS1,0.255280912
RIMS2,-1.480289878
RIPOR1,-0.174321046
RIPPLY3,-0.241981642
RMI2,-0.797128931
RNASE10,-2.498535364
RNASEH2A,-0.931669187
RNF103-CHMP3,0.051793135
RNF122,-0.356044004
RNF144A-AS1,0.055418831
RNF144B,-0.313696724
RNF183,0.882121906
RNF222,-0.993156797
RNF225,0.250011989
RNF43,0.067979458
RNFT2,0.135361844
RPE65,-0.538562854
RPL13AP17,1.280609934
RPL22L1,-0.836148412
RPL39L,-1.178650892
RPL3L,-1.46156305
RPLP0P2,0.139778433
RPP40,-0.566293875
RPS10-NUDT3,-0.811178315
RPSAP52,-0.079050006
RRAS,0.271208135
RRM2,-0.88047329
RSPO2,0.534267566
RSPO4,-0.215811255
RUNDC3B,0.850857555
RUSC1,-0.112904263
RXFP1,-0.512008626
S100A2,-3.812518609
S100A3,-1.126281687
S100A4,1.254723877
S100A5,0.283980755
S100A7,-4.52808187
S1PR5,-4.03934785
SAGE1,-2.034467553
SALL3,-0.939858829
SAMD12-AS1,-0.869529773
SAMMSON,-0.322977092
SAPCD2,-0.882390761
SASS6,-0.394743318
SATB2-AS1,-0.691007134
SBF2-AS1,-0.274136223
SBK1,0.454041093
SBSN,-4.358851358
SCEL,1.635962929
SCML2,-1.167822703
SCN2B,0.571308364
SCNN1G,0.840066346
SCUBE3,0.212606834
SDK1,-0.873234095
SEC14L2,-0.749191604
SEC14L4,0.44839236
SEC14L6,2.001192542
SECISBP2L,1.011869751
SELE,-1.216112599
SELENBP1,2.547310902
SELENOI,-0.812535666
SELENOP,-0.064677893
SEMA6A,-1.743374319
SENCR,0.235826418
SERINC2,0.119113547
SERPINA2,0.982303187
SERPINA4,3.39255765
SERPINB4,-3.957585882
SERPINB5,-3.601870288
SERPINE2,-1.444043142
SERTAD1,0.007003339
SESN1,-0.119291747
SFRP5,-0.607235897
SFTA1P,2.764493409
SFTPA1,1.829743762
SFTPA2,1.758654245
SFTPD,1.865132502
SFXN1,-0.591170043
SFXN4,0.10865805
SGCE,0.239572023
SGMS2,1.637463343
SGO1,-0.608178852
SGO2,-0.583693212
SH2D1B,0.302111629
SH2D4B,0.006858926
SH2D5,-2.801319717
SH3PXD2A-AS1,-2.148728514
SHCBP1,-0.544600279
SHMT2,-0.627576246
SHOX2,-1.690377178
SHROOM4,1.110251303
SIM2,-1.209305324
SIX1,0.493865916
SIX4,-0.195524558
SKA1,-1.201037385
SKA3,-0.801552867
SKP2,-1.500538383
SLAMF9,-1.324337199
SLC12A5-AS1,-0.247133859
SLC12A8,-0.664358925
SLC13A5,-2.087237712
SLC15A1,-0.107493054
SLC15A2,-0.10466414
SLC16A11,0.59349466
SLC16A14,1.094715662
SLC16A6,0.210410514
SLC16A9,0.644550762
SLC1A1,1.470508099
SLC1A4,-1.314423667
SLC1A6,-4.192407681
SLC1A7,4.5753884
SLC22A20,-1.450457402
SLC24A4,0.678210083
SLC25A10,0.047709007
SLC25A13,-0.054377957
SLC25A25,-0.329577569
SLC25A48,-1.726744764
SLC29A4,0.929669491
SLC2A1-AS1,-1.286656074
SLC35F2,0.410850611
SLC35F3,-0.698411192
SLC38A11,-2.464838016
SLC39A11,0.331928294
SLC39A8,1.433674516
SLC46A2,2.552167774
SLC4A1,-0.949476289
SLC4A11,-1.478799031
SLC52A2,0.209158664
SLC5A11,-0.716954826
SLC5A12,-1.617167983
SLC5A6,-0.743124377
SLC6A10P,-3.278943884
SLC6A11,-1.238124565
SLC6A13,-0.385971849
SLC6A15,-3.414794135
SLC6A8,-2.922524483
SLC7A11,-1.013630748
SLC7A5,-1.275155422
SLC7A9,1.157504822
SLC9A2,-1.645232855
SLC9A3,-1.337020931
SLC9A4,-1.439447006
SLC9A7,-0.218081555
SLCO1B3,-0.069167513
SLCO4C1,0.940818415
SLCO5A1,0.997533993
SLITRK1,-0.025484236
SMC1B,0.311093681
SMCO2,-1.118513668
SMILR,-1.562680954
SMIM24,1.697190834
SMKR1,0.862790601
SMOX,-0.761181671
SMTNL2,0.12594277
SNHG17,-0.711688184
SNX25,1.138372756
SNX30,1.17157472
SOBP,-0.165359658
SOCS2,-0.393733615
SOHLH1,-4.62386254
SOHLH2,1.006866258
SORBS3,-0.167602315
SORD,-0.742136129
SOX12,-0.399758953
SOX2,-3.162149195
SOX21,-2.451744636
SOX21-AS1,-2.09146105
SOX4,0.254317708
SOX7,-1.615078266
SOX9,-0.433572295
SP8,0.201533596
SP9,-1.366534055
SPAG4,0.59041505
SPAG5,-0.611701747
SPATA3-AS1,-0.296511207
SPATS2,-0.275984411
SPC24,-0.881137872
SPC25,-1.032257504
SPDL1,-0.246345692
SPDYC,-0.573480883
SPERT,-0.741022866
SPINT2,-0.194078639
SPOCK1,-0.743177768
SPP1,-0.662675951
SPRED3,-0.112551064
SPRR1A,-5.777237587
SPRR1B,-4.270018104
SPRR2D,-4.406570516
SPRR3,-5.576876152
SPRY4,0.99424382
SPTBN2,-0.31143778
SPTSSB,-0.830450029
SRD5A1,-0.464650551
SRL,-0.361137469
SRPK1,0.022793098
SRPK3,1.354721917
SRPX,-0.246452022
SRPX2,0.411558793
SRRM3,-1.54539044
SRSF12,-0.83173209
SRXN1,-1.433880823
SSC4D,-0.123001555
SSTR5,-0.733189974
SSTR5-AS1,0.44908911
SSX1,1.505326605
ST14,0.217043069
ST8SIA6,-0.430640924
STAU2-AS1,0.451008913
STEAP1,-0.202733741
STEAP1B,-1.491368981
STIL,-0.57708692
STOM,0.163724961
STRA6,-0.295116914
STRA8,-0.523636052
STRIP2,0.934520203
STX1A,0.7954624
STXBP5L,-1.906444411
STXBP6,-0.892628462
STYK1,-0.083133521
SULT1A1,0.596390756
SULT1C4,-0.155349811
SUN3,1.170095867
SUSD2,2.689353384
SUSD4,-1.359437435
SUV39H2,-0.441130723
SYCE2,-0.182882695
SYCE3,0.105579488
SYNGR3,0.297737913
SYNJ2,0.028741785
SYNM,-0.620349384
SYNPO2,-0.720616595
SYNPO2L,-0.191843112
SYPL2,0.905849693
SYT12,1.871331902
SYT14,-2.012853053
SYT2,0.58478998
SYT7,1.388601117
TAC3,-0.376812707
TACC1,-0.228638733
TACC3,-0.425714873
TAF1A-AS1,-0.088111867
TAF7L,0.708719651
TARID,1.184328361
TAS2R38,-1.048927781
TBC1D26,-0.674791447
TBRG4,-0.431289076
TBX10,1.640635593
TBX18,-1.291659651
TBX2-AS1,-0.356767259
TBX6,-0.684206816
TCAM1P,0.273746062
TCF19,-0.667848918
TCF24,-0.896595174
TCN1,1.744263933
TDRD12,-2.087000688
TDRD5,-0.867326738
TENM4,-1.289601715
TERT,-0.565477593
TESMIN,-0.922694405
TEX11,-0.622024088
TEX15,-0.48291168
TEX19,1.566172627
TFAP2A,-1.657205503
TFAP4,-0.521705952
TFB2M,-0.089008566
TFF2,5.281679579
TFRC,-2.383140362
TGFA,-0.406527358
TGFBR3L,0.175325434
TGIF2LX,-1.130006075
TGM5,-2.700019148
THEG,-0.41743723
THNSL1,-0.129279303
THSD1,-0.743946938
TICRR,-1.794321854
TIMELESS,-0.707213485
TIMM8A,-0.522429862
TINAG,3.365644766
TK1,-0.948188096
TLCD2,0.349989627
TLL1,-0.131259075
TLL2,-0.879269905
TLX1,-3.497371561
TM4SF1-AS1,-0.946732524
TMBIM7P,-0.533666169
TMC1,-0.842622166
TMEFF1,-0.756255751
TMEM106C,-0.227717051
TMEM139,1.184810191
TMEM151B,-1.747632748
TMEM156,0.561881213
TMEM158,-2.163030891
TMEM171,-1.130234496
TMEM179,-1.197145302
TMEM182,0.015780353
TMEM200C,-0.870459293
TMEM220,0.861340508
TMEM249,-0.154906016
TMEM252,2.265607582
TMEM255B,0.549633751
TMEM52,-0.114287449
TMEM88B,0.679063494
TMOD1,-0.385903611
TMPO-AS1,-0.910446947
TMPRSS11A,-6.895106302
TMPRSS11D,-5.670661739
TMPRSS11E,-1.264145513
TMPRSS13,-0.039485605
TMPRSS15,-1.329031779
TNFAIP8L3,0.282775096
TNFRSF18,-1.108899206
TNFRSF21,0.188078857
TNFSF11,0.809870996
TNNI3,0.513674615
TNNT1,-0.045457825
TNS2,1.000314215
TNS4,-1.841019483
TOM1L2,-0.14711983
TOP2A,-0.680964463
TOX2,-0.384783152
TPBG,-0.702110975
TPD52,-0.056261475
TPI1,-0.711217022
TPPP,0.014837232
TPX2,-1.115316088
TRAF4,0.257542452
TRAIP,-0.647080568
TRAP1,-0.254217444
TRHDE,0.700367702
TRIB3,-0.516548623
TRIM16L,-1.634794737
TRIM2,0.324009948
TRIM58,-0.217369904
TRIM59,-0.906738963
TRIM71,1.742983819
TRIM72,0.553351751
TRIP13,-1.106117566
TROAP,-1.153208253
TRPA1,-3.016127736
TRPC2,1.463650059
TRPC3,0.847616561
TRPM2,-0.072457844
TRPM8,2.964660982
TRPV3,-1.505646506
TSKU,-0.697936547
TSPAN12,1.593985065
TSPAN6,0.105991113
TTBK1,-1.027241897
TTC39C,0.222431362
TTK,-1.341977825
TTLL8,0.017696553
TTTY16,-0.969390413
TUBA1A,0.049241809
TUBA1C,-0.99883844
TUBA3D,-0.28184031
TUBA3E,-0.981682762
TUBA4A,-0.25072419
TUBAL3,0.008390979
TUBB1,0.563593746
TUBB2B,0.073146392
TUBB3,0.744573971
TUBB4A,-0.635338754
TUBG1,-0.333013141
TWNK,-0.4510715
TXNDC17,0.476249087
TYMS,-0.751733974
TYRP1,0.245726479
UBASH3B,-0.271161946
UBD,-0.073099974
UBE2C,-0.693765456
UBE2QL1,-1.058686163
UBE2S,-1.293008077
UBE2T,-0.58678854
UBL3,0.893990754
UCA1,0.697816408
UCHL1,-1.032014084
UCN2,-2.7805124
UFSP1,-0.016741413
UGDH,0.342133356
UGT1A1,-0.349563001
UGT1A10,-2.336939052
UGT1A3,-1.084674593
UGT1A6,-1.072285362
UGT1A7,-6.723034512
UGT1A8,-1.934927054
UGT2B28,-0.074506704
UGT8,-0.426937576
UHRF1,-0.819900401
UNC45B,-0.196882311
UNC93A,-0.215147446
UPK1A,-2.028990694
UPK2,-0.953177115
UQCC2,0.08678136
USH1G,-3.960476418
VAX1,-2.637717795
VAX2,-0.822062029
VCX,-0.55967983
VCX3A,1.47265669
VEPH1,1.894248267
VGF,1.786086923
VIL1,2.151066908
VPS37D,-0.267592154
VPS9D1-AS1,-1.12107174
VSIG10L,-0.121247791
VSIG2,2.095080772
VTCN1,-1.354827354
VWDE,-0.60597749
WASF1,-1.812098156
WASF3,-0.028583641
WASIR2,0.978512555
WDHD1,-0.65055313
WDR12,-0.479153787
WDR62,-0.815736832
WDR72,-1.989225574
WDR76,-0.577503304
WFIKKN2,0.54142008
WFS1,0.491189622
WIF1,0.413459721
WISP3,-0.956765265
WNK2,-1.867918601
WNT10A,-0.948733256
WNT10B,-1.712642507
WNT16,-0.11030815
WTAPP1,-1.210569344
XDH,0.629263131
XPO5,-0.500606133
XPR1,0.527566899
XRCC2,-0.864166714
XYLB,-0.362378519
YBX2,0.484380119
YDJC,-0.66087102
ZBED2,-0.77488942
ZBTB12,-0.119530702
ZBTB16,1.841028465
ZBTB8B,-0.080590323
ZC3HAV1L,-0.640454697
ZFP69B,-0.356518078
ZIC1,-1.212648999
ZIC2,-2.33644649
ZIC3,-0.364692675
ZIC4,-0.664595605
ZIC5,-2.960909713
ZMYND19,-0.548704745
ZNF217,0.137876803
ZNF280A,-1.814153418
ZNF280B,-0.425598641
ZNF367,-0.957074227
ZNF385B,1.968888469
ZNF556,-2.812168881
ZNF648,-0.242814608
ZNF670-ZNF695,-0.574040903
ZNF695,-0.708244592
ZP3,-0.574940105
ZPLD1,-1.654096365
ZWILCH,-0.846151119
ZWINT,-0.643007692
ZYG11A,0.028679854
